"Yuk dtg ke Telkomsel Dago Digilife 19/3! Akan ada acara ""LetsGetRich Gathering & Competition""! Registrasi 25K http://t.co/rd43uNnR7C";
@InfoBdgEvent 19/3 atau 29/3 min?;
Prepare u'r self for #PGSRUN2015, let's run 5 KM start Stadion SIliwangi, line Batalyon Arhanudri 3 - @De_affenue http://t.co/hdnI1P5Niw;
Pengen tau event apa aja yg ada di BDG minggu ini? Cekidot! Jgn lupa follow jg @InfoBdgEvent #eventBDG http://t.co/9GVZxUiy8i;
Cie yg ikutan @nehemiaedward :3 RT @infobdg: event apa aja yg ada di BDG minggu ini? Cekidot! @InfoBdgEvent #eventBDG http://t.co/blze5ce088;
@infobdg: Pengen tau event apa aja yg ada di BDG minggu ini? Cekidot! Jgn lupa follow jg @InfoBdgEvent #eventB... http://t.co/OCVWdyULHf;
"*need media partner
@addictedarea @HaiMagazine @kicauBandung @infobandung @InfoBdgEvent @897GlobalRadio @ardanradio http://t.co/wZF5WQXxjr";
lakukan olah raga pagi walau sekedar beres beres rumah brooo @InfoBdgEvent @SeputarEvent @InfoRatingTV @totalberisik @Info_UG @INFOINFOGIGS;
Ikutan yuk! #seminarBIGPRO digital marketing paling DAHSYAT! Khusus pebisnis yg pengen SEGERA SUKSES @bigproID http://t.co/6n0W6807Iq;
@infobdg @InfoBdgEvent hayang euy beb yu beb;
Prepare u'r self ?? RT @InfoBdgEvent: #PGSRUN2015, let's run 5 KM start Stadion SIliwangi, line Batalyon Arhanudri 3 http://t.co/D5DJDZ5a8g;
Selamat pagi sahabat O-smile, tunjukkan senyum cantik & sehatmu^^ #dental @JogjaUpdate @damnitsbali @InfoBdgEvent @infoSMG @BekasiUrbanCity;
@infobdg @InfoBdgEvent ini buat tgl brp?;
kapan dan tiketnya berapa min ? @infobdg @InfoBdgEvent;
@InfoBdgEvent @BeFunNColorful pendaftarannya dimana min ?? adik uka mau ikutan nih;
"@InfoBdgEvent event akbar tahunan hut dki jakarta ke 488
tunggu apa lagi booked segera standnya,sebelum kehabisan.. http://t.co/XPFukr1BO5";
promote : Idanz nugraha, penyanyi religi/nasyid call for booking on your #islamicevent hub: 083820949902 / 7faaf73d @infocjr @InfoBdgEvent;
Kpn lg ikut #seminarBIGPRO digital marketing w/ pembicara TOP! Info klik http://t.co/XgvNrJWJ65 @bigproID http://t.co/6n0W67IwjQ;
Donâ€™t be late! TECHNICAL MEETING #Safecare3on3 March 19th at Graha Pena BDG Ekspres?See you guys! @safecareID http://t.co/tjdwV7aQWy;
"@InfoBdgEvent #Tomorrow Thursday 19 March ""BDMF 3"" @SOBBERS_CLUB !!! http://t.co/4TxRgPuWni";
#CPCorner2015 at The Hall SenCi on March 28th! w/ ChairulTanjung, @ridwankamil etc. Get ur tickets! @creativeP_ec http://t.co/FKkjGzIXEO;
@infobdg @InfoBdgEvent Selamat malam, Pasificious! H-3 nih siapa yang belom beli tiketnya? Ayo buruan serbu tiketnyaaaa #PASIFIC2;
#PublicSpeakingSkill & Effective Communication Skill! 21/3 at Hotel Golden Flower Info @ButterflyAct 081313132300 http://t.co/nXYFcbiW1k;
Pantomime di Unpad Jatinangor nih! Mari merapats lurs! Ada pentas&diskusi jg. Info diposter.@infobdg @InfoBdgEvent http://t.co/tV4488dVrk;
Audio Center KLA series Tridy production sound property @bdgevent @infobdg @infojakarta @InfoBdgEvent @bdgevent http://t.co/twwD7xVDJC;
Re-Create #PublicSpeakingSkill w/ @PassionateHarri & @GilangPambudhi info sore ini @DeltaFMBandung @ButterflyAct http://t.co/nXYFcbiW1k;
"@InfoBdgEvent Mau nikah jaman sekrang udah ga usah harus ribet,hubungi kami INSPIRA WO,info jelas hubungi langsung
Ray : 085722096788";
AAC 2015 - Bandung, April 21-27, 2015 @ridwankamil @InfoBdgEvent http://t.co/uLpQYsJYwb;
Pengen tau event apa aja yg ada di BDG minggu ini? Cekidot! Jgn lupa follow jg @InfoBdgEvent juga yah #eventBDG http://t.co/9GVZxUiy8i;
H-3 Re-Create #PublicSpeakingSkill stay tune @DeltaFMBandung w/ @PassionateHarri &@GilangPambudhi @ButterflyAct http://t.co/nXYFcb1kCK;
Yuk beb??RT @wildanft: @infobdg @InfoBdgEvent hayang euy beb yu beb;
@ayurizkynura @infobdg @InfoBdgEvent ayok beb kita ngecouple :* min ini kapan acaranya?;
Spend ur Saturday w/ ChairulTanjung, @ridwankamil, etc. #CPCorner2015 is coming on 28March - @creativeP_ec http://t.co/FKkjGzIXEO;
Seminar Teknik Marketing & Operasional BISNIS KULINER omset ratusan juta (utk Newbie/Startup) CALL 081289438699 http://t.co/9OISgBhqkT;
#BookTalk #28Detik | @inziati @atriasartika | @Cokotetra | cc: @InfoBdgEvent http://t.co/1pLODrCsAy;
Gimana caranya memaksimalkan socmed buat ningkatin omset bisnis? Yuk ikutan #seminarBIGPRO, info @bigproID http://t.co/6n0W6807Iq;
"@InfoBdgEvent INDONESIAN CANINE REGISTRY presents : 
""MAKE A CHANGE"" 
March 28-29th, 2015
Lembang asri
Jl. Kol. Masturi KM 4, Lembang";
@InfoBdgEvent @ridwankamil @tuhunugraha @bigproID kapan diadain di Jkt mas? :);
Save the date! #seminarBIGPRO w/ @ridwankamil @tuhunugraha 28/3?Info klik http://t.co/XgvNrJF8ex - @bigproID http://t.co/6n0W6807Iq;
@aprilriniapril @InfoBdgEvent @ridwankamil @tuhunugraha yg dijakarta ayo pd dtngg. Sekalian jln2 ke bandung :);
Jangan lupa Sabtu 21maret'15 di Sabuga Bandung :)) @infobdg @InfoBdgEvent http://t.co/dbKJlXdifd;
@infobdg @InfoBdgEvent;
Pengen tau event apa aja yg ada di BDG minggu ini? Cekidot! Jgn lupa follow jg @InfoBdgEvent juga yah #eventBDG http://t.co/9GVZxUiy8i;
"Selain ada BARRY LIKUMAHUWA jg ada Alexa diacara ""Gala Abhinaya""  loh @UKMBANDEKUITAS @InfoBdgEvent @BiroEventBemUT http://t.co/jV7cZVFZ6H";