http://t.co/Rj2BWMzY0J;
RT @infobdg: accounting is your passion? Get ready! PARAHYANGAN ACCOUNTING TOURNAMENT FOR HIGH SCHOOL 21-22 Jan 2015 #PATHS3 http://t.co/PR…;
RT @potret19: http://t.co/fyiYprGL3y @bdgevent;
RT @dWirianto: Bincang2 pagi dgn kang @ridwankamil dan dapat selfie :) dijelasin visi dari bandung technopolis http://t.co/on0zVLcW4e;
ada yg pernah bikin film pendek? coba di share ke admin :);
RT @GNFI: Tanah air yang begitu kubanggakan. Selamat sore menjelang petang dari Bunaken, Sulawesi Utara http://t.co/aXKbopqhhV;
RT @HaiMagazine: Musim Yang Baik, Salam Perpisahan @sheilaon7 Dengan Major Label. Good Bye :) http://t.co/B1PeVIlyiT;
RT @nanajenanaje: @bdgevent CastingTalentWanita 25-30th Peran CS BankBUMN. OpenCastingDiBANDUNGJumat 5/12/2014.PendafBySMS 08158279898 http…;
RT @P3Sbdg: menutup taun dgn berbagi kebahagian utk mereka 14Des'14 @se_bdg @infobdg @infobandung @CalendarBDG  @bdgevent http://t.co/2vQKU…;
RT @R_Rizaldy_M: Hayu, budaya Indonesia bersatu di @gerpeda #PFBS2015 cc : @infobandung @infobdg @detik_Bandung @bdgevent;
RT @maenbola: @bdgevent GRATIS Tiket PS3Turnamen PES2013 berhadiah 100Juta bagi pemilik KTP bdg! Tgl 12-13Des, mulai pk 10.00-selesai @maen…;
RT @garudaorganizer: BANDUNG siapkan CV terbaik kamu. CAREER EXPO BANDUNG SABUGA 16-17 Januari 2015 more info 26be441c @bdgevent http://t.c…;
http://t.co/p9Qwe3gKVP via @youtube;
RT @infobdg: Please Subscribe Infobdg's Channel on Youtube - @infobdgTV http://t.co/doaYP9HWyW and watch Bandung's Videos! #infoBDG;
"Musik, donor darah & standup comedy? Ya #ngamplagLIVE dong! Ada 
@dnf_music @dangerangerock | 11/3 at Holiday Inn http://t.co/6Q4DzbwYe8";
PASIFIC 21 MARET SABUGA BANDUNG @DE19WA @sheilaon7 @MaliqMusic @moccaofficial NOW BUY 3 GET 1 AT CFD DAGO only for TODAY @InfoBdgEvent;
"Yuk daftar ""@InfoBdgEvent: #PublicSpeakingSkill & Effective Communication Skill at Hotel Golden Flower |081313132300 http://t.co/Dx8QYHPHiT""";
@InfoBdgEvent KOST | 500/bln | margahayuraya jl.yupiter 7 e2/52 (blkng metro indah mall) | 085720387705 http://t.co/8uh3QJArv5;
Yuk dtg ke #TOYSNKIDSEXPO2015 14–15 Maret di Graha Manggala Siliwangi! Buat pecinta mainan & hobby @neobandung http://t.co/Fr7fuqAOiW;
@InfoBdgEvent @neobandung #TOYSNKIDSEXPO2015 htm nya brp?;
LAST DAY 2nd Int' #BandungBeautyExpo 5-8 March in Bandung Convention Centre, more info @bdgbeautyexpo http://t.co/V1K2wwDjyi;
Uji kemampuan battle & dance competition-mu di #Safecare3on3?Registrasi 1-17 Maret, info 081224747780 @safecareID http://t.co/tjdwV7ssl8;
Mau bicaramu berKHARISMA?Join us  #PublicSpeakingSkill w/ @PassionateHarri &@GilangPambudhi  info @ButterflyAct  http://t.co/nXYFcbiW1k;
"La Novia Wedding Exhibition 2015
6 March 2015 - 8 March 2015
Trans Convention Centre,Trans Luxury Hotel @InfoBdgEvent http://t.co/tlM4NCQe0u";
Live musik sambil donor darah? Cm ada di #ngamplagLIVE bareng @dnf_music @dangerangerock | 11/3 at @holidayinnbdg http://t.co/6Q4DzbwYe8;
yu daftarin band kamu @infobdg @InfoBdgEvent #infoBDG http://t.co/89SnZPXsJe;
@InfoBdgEvent Tues, March'10th #VibeInvasion @MOXCLUB w/ @VIBE_Org @giez_luxus @denyslipmax_ @Fir_iqbal @anezena http://t.co/UH1uPr9riX;
@InfoBdgEvent Tues, March'10th #VibeInvasion @MOXCLUB w/ @VIBE_Org @giez_luxus @denyslipmax_ @Fir_iqbal @anezena http://t.co/mRff1AxnKM;
Guys!Ikutan Festival Budaya Sunda yuk buat ngisi bln Mei kalian! #FBS2015 @OfficialGerpeda @InfoBdgEvent @ridwankamil http://t.co/JvjZVx0dL8;
Yuk seru”an di #ngamplagLIVE brg STANDUPINDO BDG @kevinpasca @lanangedan @anto_bangor  | 11/3 at @holidayinnbdg http://t.co/6Q4DzbwYe8;
Workshop #PublicSpeakingSkill ! 70% PRAKTEK dan Terbukti Aplikatif loh! Just in here @ButterflyAct http://t.co/nXYFcbiW1k;
Bakal ada #ngamplagLIVE lagi nih! ada @dnf_music @dangerangerock & donor darah GRATIS! |  11/3 at @holidayinnbdg http://t.co/6Q4DzbwYe8;
Mau punya toko online tanpa mengeluarkan biaya? Yuk belajar di #YukbisnisBandung - @yubibdg http://t.co/duKdPKa24Z;
"@InfoBdgEvent BESOK! INFO SESSION Laureate Hospitality Education
3-5PM @ Ruko Paskal Hyper Square Blok C6
Be there! http://t.co/bmIOo9KYAv";
"Event bulan ini ?""@InfoBdgEvent: Workshop #PublicSpeakingSkill ! 70% PRAKTEK dan Terbukti Aplikatif! Just in here http://t.co/Dx8QYHPHiT""";
"39 days left IIPF (Indonesia International Photo Festival). join Us!
cc: @infobdg @InfoBdgEvent @EVENT_INDONESIA";
"Ga cuma musik, #ngamplagLIVE kali ini ada standup by @kevinpasca 
@lanangedan @anto_bangor | 11/3 at Holiday Inn http://t.co/6Q4DzbwYe8";
Akan ada #TOYSNKIDSEXPO2015 Di Graha Manggala Siliwangi 14-15 Maret! Wjb dtg buat pecinta mainan @neobandung http://t.co/Fr7fuqAOiW;
Daftar skrg yuk! Registrasi #Safecare3on3 3on3, 3point shoot & dance competition sampai 17 MARET?Info @safecareID http://t.co/tjdwV7ssl8;
@InfoBdgEvent hay kak , ada SEMINAR BAHASA ISYARAT lhoo, tanggal 14 Maret 2015, more info @kmpd_ yuuks, merapat :) http://t.co/csV8qC6J9O;
"@InfoBdgEvent @infobandung @MusicBandung 
chek single dan download terbaru @SARHYTME  ""BebandanBebas"" http://t.co/XmXj2o6qcv";
"Musik, donor darah & standup comedy? Ya #ngamplagLIVE dong! Ada 
@dnf_music @dangerangerock | 11/3 at Holiday Inn http://t.co/M9KHkWAXBD";