@InfoBdgEvent KOST 500/bln komplek.margahayuraya jl.yupiter 7 e2/52 (blkng metro indah mall) 085720387705 http://t.co/BCKsaBGQ8g;
THE EXECUTIVE SUPER SALE up to 80% off Last 2 Days!THE EXECUTIVE boutiques @istanaplaza @InfoBdgDiskon @InfoBdgEvent http://t.co/tQyZRRjO26;
#NonBar #BPL #GW28 | QPR v Tottenham | @jackstarbdg Sabtu, 7maret2015 OG: 21.00 WIB | HTM:15k http://t.co/rBZmsysaa7 @infobdg @InfoBdgEvent;
@moccaofficial @maliqmusic @sheilaon7 @DE19WA LIVE IN #PASIFIC2 | MARCH 21st | SABUGA BDG | TIX 175K | CP: 085781812363 | cc: @InfoBdgEvent;
@HELLENTERPRISE REUNION IN HELL sudah siap ? @irsnetwork @BGMK_Official @forum_indie_BDG @InfoBdgEvent @gigsmedia http://t.co/Ea7iXWJFAS;
#sebarkan @Muttan05center @irsnetwork @gigsbandung @MediaKomunitas @infoin_aja @InfoBdgEvent @12media_ @BGMK_Official http://t.co/lcNJP25nVy;
Jgn salah jlnya @DOOMSDAY_hell nya :) @infoin_aja @InfoBdgEvent @gigsbandung @MadDog_radio @12media_ @MediaKomunitas http://t.co/xBqSzRRuNO;
Ikuti Career Seminar & Walk in Interview kursiii terbatassssss guyssss ???? @InfoBdgEvent @InfoUPI http://t.co/NaRSgiMlpA;
@InfoBdgEvent terima kos pria/wanita jln binong jati 148. daerah gatsu, TSM, listrik air lancar. hub 089686416665 http://t.co/TSF2PfY2wQ;
@InfoBdgEvent @dnf_music @dangerangerock saya cari sponsor untuk acara seni dikampus, mohon info dong tweeps :-);
Jual Piano.Made in Japan. Kondisi 90% dgn harga 40%. Jl Buahbatu 73A Bandung. Info : +6285795000307 - 224EC2B1 @InfoBdgEvent;
Advertising Nobel Surya Abadi . Menerima produksi , design interior , banner , neon box , etc . @InfoBdgEvent @infobdg @InfoBdgProperty;
@InfoBdgEvent H-3 Tues, March'10th #VibeInvasion @MOXCLUB w/ @VIBE_Org @giez_luxus @denyslipmax_ @Fir_iqbal @anezena http://t.co/lU0i4ZgBaM;
"TONIGHT!!!
 FASHION SHOW
DJ AAY (DRAGONFLY - SKYE) 
@Bdg_PartyTime @InfoBdgEvent @infobandung come join us! http://t.co/pYruF8Xkj7";
"TONIGHT!!! ""LIQUID CALLING"".. SATURDAY,7MARCH'15 W/ DJ'S DERRY - IMDAN - HAU2 .. FOR RSV (022)-2033405 / 08567448543 @InfoBdgEvent";
udah pada tau belum BESOK PASIFIC ada PROMO BUY 3 GET 1 hanya di CFD DAGO jam 7-9 !! siapa cepat dia dapat @infobdg @InfoBdgEvent;
Sedap :D @irsbandung @irsnetwork @BGMK_Official @forum_indie_BDG @InfoBdgEvent @gigsmedia;
@InfoBdgEvent dimana ka?;
"Free ga?""@InfoBdgEvent: Next Week! Tgl 14-15 Maret ini akan ada Bandung #TOYSNKIDSEXPO2015 Di Graha Manggala Siliwangi @neobandung";
"GURRRrrriihh ""@HELLENTERPRISE: Sedap :D @irsbandung @irsnetwork @BGMK_Official @forum_indie_BDG @InfoBdgEvent @gigsmedia""";
#PublicSpeakingSkill & Effective Communication Skill on  21/3 at  Hotel Golden Flower @ButterflyAct 081313132300 http://t.co/nXYFcbiW1k;
Mau belajar bisnis, tp tak mau ribet ngurusin produksi & pengiriman? Mending hadir di #yukbisnisBandung @yubibdg http://t.co/duKdPKa24Z;
Next Week! Tgl 14-15 Maret ini akan ada Bandung #TOYSNKIDSEXPO2015 Di Graha Manggala Siliwangi @neobandung  http://t.co/Fr7fuqAOiW;
"Ga cuma musik, #ngamplagLIVE kali ini ada standup by @kevinpasca 
@lanangedan @anto_bangor | 11/3 at Holiday Inn http://t.co/6Q4DzbwYe8";
Ke Dago Tea House y 8/3! Akan ada Pagelaran 7 Etnis Sumatera Utara #HorasParahyangan ! More info? @HorasBandung http://t.co/eCEu29WNVs;
Jago 3on3, 3point shoot & ngedance? Ikutan #Safecare3on3 yuk! Registrasi 1-17/3 ? Info 081224747780 @safecareID http://t.co/tjdwV7ssl8;
Bakal ada #ngamplagLIVE lagi nih! ada @dnf_music @dangerangerock & donor darah GRATIS! |  11/3 at @holidayinnbdg http://t.co/6Q4DzbwYe8;
Ayo merapat ke XL Martadinata, ada foodtruck disana dgn menu2 kuliner yg maknyos & booth fashion jg loh dsana http://t.co/09Jp5VTK6w;
Yuk seru”an di #ngamplagLIVE brg STANDUPINDO BDG @kevinpasca @lanangedan @anto_bangor  | 11/3 at @holidayinnbdg http://t.co/6Q4DzbwYe8;
Enjoy @MalamEP2015! Live music, pom-pom boys & @THEPAPSPAPS | HTM 20K. CP: 08997127861 | Info: @malam_ep15 http://t.co/XgBZkyaIQM;
Tonight!! @MalamEP2015 bakal ada live music, pom-pom boys & @THEPAPSPAPS, Dago Tea House | Ticket: 08997127861 http://t.co/XgBZkyaIQM;
Let's join #Safecare3on3! open register 1-17 Maret at Graha Pena BDG Ekspres?Info: 081224747780 / @safecareID http://t.co/tjdwV7ssl8;
Live musik sambil donor darah? Cm ada di #ngamplagLIVE bareng @dnf_music @dangerangerock | 11/3 at @holidayinnbdg http://t.co/6Q4DzbwYe8;
Cosmetics, salon & spa equipment, hair & nails only on 2nd Int' #BandungBeautyExpo 5-8/3 at BCC - @bdgbeautyexpo http://t.co/V1K2wwDjyi;
Buat km2 food lover & fashion addict, yuk dtg ke StreetCultural Fest nya XL bsk, ajakin jg tmn2nya ya ^_^ http://t.co/09Jp5VTK6w;
"Musik, donor darah & standup comedy? Ya #ngamplagLIVE dong! w/ 
@dnf_music @dangerangerock | 11/3 at Holiday Inn http://t.co/6Q4DzbwYe8";
Saksikan Pagelaran 7Etnis SumUt #HorasParahyangan Budayaku Harta Karun Ngeriku!Dago Tea House 8/3 @HorasBandung http://t.co/eCEu29WNVs;
Enjoy @MalamEP2015! Live music, pom-pom boys & @THEPAPSPAPS | HTM 20K. CP: 08997127861 | Info: @malam_ep15  http://t.co/XgBZkyaIQM;
Don't forget TONIGHT in #BACKTRACKS will be there BOTTATT (Hazawude X mvstekky), MS TAPE x DMZ, Uya & Kenzi?7pm http://t.co/m621BYaL1x;
Punya Laptop dan Modem tapi tak menghasilkan uang? Yuk temukan solusinya di seminar #YukBisnisBandung - @yubibdg http://t.co/duKdPKa24Z;
RT @jakarta_view: kurang promosi dan lagu nyebar gitu aja mungkin, thanks anyway :) RT @IndySptr Kenapa ini lagu gak pernah booming ya? Jak…;
RT @gigsplay: 18 Jan '15 AVENGED SEVENFOLD @ Parkir Timur Senayan, Jakarta | Info & ticket: @DyandraEnt http://t.co/Kz4AYAhDt4;
sudah 5 tahun dan akan segera merilis mini album, silakan disimak kelanjutan dari mereka, @jakarta_view Don't Judge. http://t.co/9GyVqrtqez;
RT @jakarta_view: sedang dalam persiapan untuk launching EP tanggal 17 nanti :);
Seribu Keping CD Lawan Seribu Unduh MP3 (Bagian 1) http://t.co/f6zlJngGDO;
http://t.co/Rj2BWMzY0J;
RT @infobdg: accounting is your passion? Get ready! PARAHYANGAN ACCOUNTING TOURNAMENT FOR HIGH SCHOOL 21-22 Jan 2015 #PATHS3 http://t.co/PR…;
RT @potret19: http://t.co/fyiYprGL3y @bdgevent;
RT @dWirianto: Bincang2 pagi dgn kang @ridwankamil dan dapat selfie :) dijelasin visi dari bandung technopolis http://t.co/on0zVLcW4e;
ada yg pernah bikin film pendek? coba di share ke admin :);
RT @GNFI: Tanah air yang begitu kubanggakan. Selamat sore menjelang petang dari Bunaken, Sulawesi Utara http://t.co/aXKbopqhhV;
RT @HaiMagazine: Musim Yang Baik, Salam Perpisahan @sheilaon7 Dengan Major Label. Good Bye :) http://t.co/B1PeVIlyiT;
RT @nanajenanaje: @bdgevent CastingTalentWanita 25-30th Peran CS BankBUMN. OpenCastingDiBANDUNGJumat 5/12/2014.PendafBySMS 08158279898 http…;
RT @P3Sbdg: menutup taun dgn berbagi kebahagian utk mereka 14Des'14 @se_bdg @infobdg @infobandung @CalendarBDG  @bdgevent http://t.co/2vQKU…;
RT @R_Rizaldy_M: Hayu, budaya Indonesia bersatu di @gerpeda #PFBS2015 cc : @infobandung @infobdg @detik_Bandung @bdgevent;
RT @maenbola: @bdgevent GRATIS Tiket PS3Turnamen PES2013 berhadiah 100Juta bagi pemilik KTP bdg! Tgl 12-13Des, mulai pk 10.00-selesai @maen…;
RT @garudaorganizer: BANDUNG siapkan CV terbaik kamu. CAREER EXPO BANDUNG SABUGA 16-17 Januari 2015 more info 26be441c @bdgevent http://t.c…;
http://t.co/p9Qwe3gKVP via @youtube;
RT @infobdg: Please Subscribe Infobdg's Channel on Youtube - @infobdgTV http://t.co/doaYP9HWyW and watch Bandung's Videos! #infoBDG;
"Musik, donor darah & standup comedy? Ya #ngamplagLIVE dong! Ada 
@dnf_music @dangerangerock | 11/3 at Holiday Inn http://t.co/6Q4DzbwYe8";
PASIFIC 21 MARET SABUGA BANDUNG @DE19WA @sheilaon7 @MaliqMusic @moccaofficial NOW BUY 3 GET 1 AT CFD DAGO only for TODAY @InfoBdgEvent;
"Yuk daftar ""@InfoBdgEvent: #PublicSpeakingSkill & Effective Communication Skill at Hotel Golden Flower |081313132300 http://t.co/Dx8QYHPHiT""";
@InfoBdgEvent KOST | 500/bln | margahayuraya jl.yupiter 7 e2/52 (blkng metro indah mall) | 085720387705 http://t.co/8uh3QJArv5;
Yuk dtg ke #TOYSNKIDSEXPO2015 14–15 Maret di Graha Manggala Siliwangi! Buat pecinta mainan & hobby @neobandung http://t.co/Fr7fuqAOiW;
@InfoBdgEvent @neobandung #TOYSNKIDSEXPO2015 htm nya brp?;
LAST DAY 2nd Int' #BandungBeautyExpo 5-8 March in Bandung Convention Centre, more info @bdgbeautyexpo http://t.co/V1K2wwDjyi;
Uji kemampuan battle & dance competition-mu di #Safecare3on3?Registrasi 1-17 Maret, info 081224747780 @safecareID http://t.co/tjdwV7ssl8;
Mau bicaramu berKHARISMA?Join us  #PublicSpeakingSkill w/ @PassionateHarri &@GilangPambudhi  info @ButterflyAct  http://t.co/nXYFcbiW1k;
"La Novia Wedding Exhibition 2015
6 March 2015 - 8 March 2015
Trans Convention Centre,Trans Luxury Hotel @InfoBdgEvent http://t.co/tlM4NCQe0u";
Live musik sambil donor darah? Cm ada di #ngamplagLIVE bareng @dnf_music @dangerangerock | 11/3 at @holidayinnbdg http://t.co/6Q4DzbwYe8;
yu daftarin band kamu @infobdg @InfoBdgEvent #infoBDG http://t.co/89SnZPXsJe;
@InfoBdgEvent Tues, March'10th #VibeInvasion @MOXCLUB w/ @VIBE_Org @giez_luxus @denyslipmax_ @Fir_iqbal @anezena http://t.co/UH1uPr9riX;
@InfoBdgEvent Tues, March'10th #VibeInvasion @MOXCLUB w/ @VIBE_Org @giez_luxus @denyslipmax_ @Fir_iqbal @anezena http://t.co/mRff1AxnKM;
Guys!Ikutan Festival Budaya Sunda yuk buat ngisi bln Mei kalian! #FBS2015 @OfficialGerpeda @InfoBdgEvent @ridwankamil http://t.co/JvjZVx0dL8;
Yuk seru”an di #ngamplagLIVE brg STANDUPINDO BDG @kevinpasca @lanangedan @anto_bangor  | 11/3 at @holidayinnbdg http://t.co/6Q4DzbwYe8;
Workshop #PublicSpeakingSkill ! 70% PRAKTEK dan Terbukti Aplikatif loh! Just in here @ButterflyAct http://t.co/nXYFcbiW1k;
Bakal ada #ngamplagLIVE lagi nih! ada @dnf_music @dangerangerock & donor darah GRATIS! |  11/3 at @holidayinnbdg http://t.co/6Q4DzbwYe8;
Mau punya toko online tanpa mengeluarkan biaya? Yuk belajar di #YukbisnisBandung - @yubibdg http://t.co/duKdPKa24Z;
"@InfoBdgEvent BESOK! INFO SESSION Laureate Hospitality Education
3-5PM @ Ruko Paskal Hyper Square Blok C6
Be there! http://t.co/bmIOo9KYAv";
"Event bulan ini ?""@InfoBdgEvent: Workshop #PublicSpeakingSkill ! 70% PRAKTEK dan Terbukti Aplikatif! Just in here http://t.co/Dx8QYHPHiT""";
"39 days left IIPF (Indonesia International Photo Festival). join Us!
cc: @infobdg @InfoBdgEvent @EVENT_INDONESIA";
"Ga cuma musik, #ngamplagLIVE kali ini ada standup by @kevinpasca 
@lanangedan @anto_bangor | 11/3 at Holiday Inn http://t.co/6Q4DzbwYe8";
Akan ada #TOYSNKIDSEXPO2015 Di Graha Manggala Siliwangi 14-15 Maret! Wjb dtg buat pecinta mainan @neobandung http://t.co/Fr7fuqAOiW;
Daftar skrg yuk! Registrasi #Safecare3on3 3on3, 3point shoot & dance competition sampai 17 MARET?Info @safecareID http://t.co/tjdwV7ssl8;
@InfoBdgEvent hay kak , ada SEMINAR BAHASA ISYARAT lhoo, tanggal 14 Maret 2015, more info @kmpd_ yuuks, merapat :) http://t.co/csV8qC6J9O;
"@InfoBdgEvent @infobandung @MusicBandung 
chek single dan download terbaru @SARHYTME  ""BebandanBebas"" http://t.co/XmXj2o6qcv";
"Musik, donor darah & standup comedy? Ya #ngamplagLIVE dong! Ada 
@dnf_music @dangerangerock | 11/3 at Holiday Inn http://t.co/M9KHkWAXBD";
@InfoBdgEvent @dnf_music @dangerangerock waaah ada dangerRanger euy,HTM brp?;
@ozradiobandung @99ersRadioBdg @1015DAHLIAFM @InfoBdgEvent @TransStudioBdng @MediaKomunitas http://t.co/Oipjq4RnrP;
"@InfoBdgEvent AGI kak, ada ""SEMINAR BAHASA ISYARAT"" u/ difabel rungu 14 Maret 2015, Follow @kmpd_ Cp.085795779486 :) http://t.co/s97q3oc1RV";
Bingung gmn NGOMONG & ga PEDE? Solusinya? Kita Pecahkan saja di #PublicSpeakingSkill 21 Maret 2015 @ButterflyAct http://t.co/nXYFcbiW1k;
BESOK! Live musik sambil donor darah? Cm ada di #ngamplagLIVE bareng @dnf_music @dangerangerock at @holidayinnbdg http://t.co/M9KHkWAXBD;
@InfoBdgEvent lur..izin share.. Selamat jalan panglima vikingku @ Dendy DenzeL feat Agus Jabrig..http://t.co/T8COJoD7Hk;
@InfoBdgEvent Watch! Rilis Video Klip Dewi Batu - Korban Batu Ali ( Akik ) : http://t.co/vT7NOXpSWr;
"""@Refiansyah: @InfoBdgEvent @infobandung @MusicBandung 
chek single dan download terbaru @SARHYTME  ""BebandanBebas"" http://t.co/E2Fny9s3Jb""";
Ikutilah Info Session Program ACCA di Kota Bandung! Powered by CSAF Indonesia & ACCA cc: @SSLikmi @stmiklikmi @infobdg @InfoBdgEvent;
Yuk seru”an di #ngamplagLIVE brg STANDUPINDO BDG @kevinpasca @lanangedan @anto_bangor | Besok! at @holidayinnbdg http://t.co/M9KHkWAXBD;
Ini wajib ?@InfoBdgEvent: Bingung gmn NGOMONG & ga PEDE? Solusinya? #PublicSpeakingSkill 21/03/15 @ButterflyAct http://t.co/HukK2UxViD;
#CPCorner2015 is coming! #GotTheGuts to feel the ultimate talkshow experience? More info, go follow @creativeP_ec http://t.co/FKkjGzIXEO;
"TODAY! #BALERANCAGE ""Kujang Wirageni"" Angkatan 26 Garnida STKS.
10-11 Maret 19.30 at Gedung DIKTI  STKS Bandung http://t.co/gdeWB0Gv9Y";
Mau tau event apa aja yg ada di BDG minggu ini? Cekidot..! Jgn lupa follow jg @InfoBdgEvent #eventBDG http://t.co/YXDzB5zLoW;
"Ngaku doyan main Get Rich? Mesti dtg ke ""LetsGetRich Gathering & Competition"" 29/3/15 @ Telkomsel Dago Digilife http://t.co/rd43uNnR7C";
Kamu Pecinta mainan dan hobby? Jgn lewatkan #TOYSNKIDSEXPO2015 14 – 15 Maret at Graha Manggala Siliwangi http://t.co/Fr7fuqAOiW;
BESOK bakal ada #ngamplagLIVE nih! ada @dnf_music @dangerangerock & donor darah at @holidayinnbdg GRATIS! http://t.co/M9KHkWAXBD;
Jangan salahkan jika omset penjualan anda naik drastis setelah ikut #YukbisnsiBandung Free! @yubibdg http://t.co/duKdPKa24Z;
Ngerasa jago 3on3, 3point shoot & ngedance? Wajib ikutan #safecare3on3 !! 20-22/3 di Fest City Link - @safecareID http://t.co/tjdwV7ssl8;
@InfoBdgEvent wkwk;
@InfoBdgEvent jgn lupa besok merapat di loop station bdg jl diponegoro ada NOBAR persib afc cup bareng ... http://t.co/BUMXMbdVgk;
@InfoBdgEvent smoga bisa menjadi referensi khazanah musik kita kakaks..pop ethnic nusantara indonesia sundanese:) https://t.co/h6VZ4A3rHa;
"TODAY! Musik, donor darah & standup comedy? Ya #ngamplagLIVE Ada 
@dnf_music @dangerangerock at @holidayinnbdg http://t.co/M9KHkWAXBD";
6 hari lg #safecare3on3 registrasi 3on3, 3point shoot & dance competition ditutup! Info 081224747780 @safecareID http://t.co/tjdwV7aQWy;
Today! Live musik sambil donor darah? Cm ada di #ngamplagLIVE bareng @dnf_music @dangerangerock at @holidayinnbdg http://t.co/M9KHkWSytb;
Follow info acara musik,promo band » @Promosi_Indie @Mediamusikcom @gigsmedia @infoindiebdg @InfoAcaraGigs @InfoBdgEvent @INFOINFOGIGS;
"TODAY! #BALERANCAGE ""Kujang Wirageni"" @garnida26_stks
10-11 Maret 19.30 at Gedung DIKTI  STKS Bandung http://t.co/gdeWB0oTLo";
@InfoBdgEvent  #INFOBDG Ayo Hadir di Gedung KAA Bandung, sabtu 14 Maret 2015 jam 13:00. #CivicIslam  http://t.co/Y6JulhEOD0;
@infobdg @InfoBdgEvent @infobdg @infoLengkap @infoseminar @infobandung http://t.co/fFIKZpUO72;
"@InfoBdgEvent MALAKA PRODUCTION
Menyewakan Partisi R8
100rb/m2
Paket 2x2 m2 650rb
Pemesanan:
Ratna 0878 7717 4998
http://t.co/ACokeVeqeS";
Talkshow w/ Chairul Tanjung, @ridwankamil etc. only at #CPCorner2015! Tix: http://t.co/JWVec7szvr - @creativeP_ec http://t.co/FKkjGzIXEO;
@InfoBdgEvent @ridwankamil Jln Pelindung hewan -inhoftank mohon ditertibkan  PKL/warteg mengganggu dan buang sampah ke Kali tiap hari;
Need home band for @Sukajadi_FM #accoustic @infobandung @InfoBdgEvent @jobbdg @BandungPesona;
"#eventbdg #NEXT March'14th @tokosinakal ""NAKAL In DISCO"" at @Revel_Official @InfoBdgEvent @Event_Bdg @infobdg http://t.co/dY3oDckxh4";
@InfoBdgEvent Seminar Pendidikan Nasional & Kewirausahaan w/Anies Baswedan w/Chairul Tanjung, cp @inbispolban http://t.co/xBbM9D0bLX;
Ada yg baru nih dari kita,semoga terhibur:) @infobandung @InfoBdgEvent @infoin_aja @infobdg @info_KRI @indonesia_ska http://t.co/8yj1RKkYfe;
Isi weekend mu yuk! Ke #TOYSNKIDSEXPO2015 acara pameran mainan & hobby terbesar di Jawa Barat - @neobandung http://t.co/Fr7fuqAOiW;
Hanya dengan Bicara bisa menjual lebih MAHAL! Rahasianya di Re-Create! Info? @ButterflyAct #PublicSpeakingSkill http://t.co/nXYFcbiW1k;
@InfoBdgEvent JANGAN LEWATKAN #JobExpo2015 | 18-19 Mar’15, Landmark Conv.Hall | Info: @IndonesiaCareer http://t.co/I19lhVlnFY;
@infobdg: Pengen tau event apa aja yg ada di BDG minggu ini? Cekidot..! Jgn lupa follow jg @InfoBdgEvent #even... http://t.co/WVQwdw0Sp9;
"Rt""@InfoBdgEvent: Ngaku doyan main Get Rich? Mesti dtg ke ""LetsGetRich Gathering & Competition"" 29/3/15 @ Telkomsel Dago Digilife http:/";
"#AksiBeraksi ""@infobdg Pengen tau event apa aja yg ada di BDG minggu ini? Cekidot..! Jgn lupa follow jg @InfoBdgEvent #eventBDG";
Pengen tau event apa aja yg ada di BDG minggu ini? Cekidot..! Jgn lupa follow jg @InfoBdgEvent #eventBDG http://t.co/WwH4YMQBuL;
MnG yuki kato @ Bandung cc: @InfoBdgEvent;
#CHILDHOODFEST2015 info & registrasi : 081809080999 | @ERWINMADMORON @InfoBdgEvent , @gumzcustommotor | online reg http://t.co/fMlRa4SpR0;
@InfoBdgEvent #makaronce, cemilan dalam kemasan toples. Harga bersahabat, simpel & praktis. Mari order.... :) http://t.co/TBuCe4P0aQ;
@bioskopchampus_ @Sinesofia_unpar @_GudangFilm @CINEDDICT @infobandung @InfoBdgEvent @IFI_BANDUNG hi silahkan cek :) http://t.co/TS3oUzjWQt;
@InfoBdgEvent #makaronce, cemilan dalam kemasan toples. Harga bersahabat, simpel & praktis. Mari order.... :) http://t.co/TdDoW9RSVt;
"@ninizniniz RT @InfoBdgEvent: Ngaku doyan main Get Rich? Mesti dtg ke ""LetsGetRich Gathering (cont) http://t.co/m1eSVk5Yq2";
@KaosReggae Trm Jasa Pembuatan Jersey,Sablon,Kaos,Poloshirt,Kemeja,Hoodie,Dll Pin BB : 52A98908 @infobdg  @InfoBdgEvent;
#CPCorner2015 coming this March! Meet Chairul Tanjung, @ridwankamil, @darwistriadi. TIX: http://t.co/JWVec7szvr http://t.co/FKkjGzIXEO;
"Ikatan Akuntan Indonesia Jabar Present ""Workshop Kertas Kerja Audit"" 13-14/3 at Unisba - Info: @AM_iaijabar http://t.co/9YcZr5w4Si";
"@InfoBdgEvent TONIGHT ""D'TRY 4th ANNIVERSARY"" ONLY @MOXCLUB for info 087722066855 http://t.co/VLKFx8yPU9";
Cek reverb @scarpaska_ http://t.co/nwGiGcwfPm @gigsmedia @Mediamusikcom @MediaKomunitas @indonesia_ska @INFOINFOGIGS @InfoBdgEvent;
Ikut share @InfoBdgEvent @infobandung info lebih lanjut >> @widawindaa let's join us XD http://t.co/zOz8LApSrR;
Inget ya 2 Hari Lagi! #TOYSNKIDSEXPO2015 pameran mainan dan produk anak  terbesar di Jawa Barat - @neobandung http://t.co/Fr7fuqAOiW;
Mau jd Kharismatik & Menarik bnyk orang? RAHASIAnya cm di #PublicSpeakingSkill Terbatas!! 99org @ButterflyAct http://t.co/nXYFcbiW1k;
ACN #3 @ KOMPLEK PURI DAGO ARCAMANIK Lets Join Us...!!!!  @DISBUDPAR_BDG  @InfoBdgEvent @infobdg @infobandung;
@InfoBdgEvent siaap datang;
MnG yuki kato @ Bandung 09Agst - info @RvablneTeam cc: @infobandung @InfoBdgEvent http://t.co/lbW5AJU6t9;
"HMPSM Unpar proudly presents NATIONAL SEMINAR 2015: CREVOLUTION @infobdg @infobandung @InfoBdgEvent
more info: http://t.co/0C2STJC0ZT";
Hujan gini enaknya sambil ngemil #makaronce pedes :D cc: @infobandung @InfoBdgEvent @infojatinangor @infokulinerbdg @infobdg @infobdgFJB;
» @LSOCIETE present #outofcontrol vol.3?There'll be Ical, Diskopantera, Rizal Sastra & Mangkok Manis DJ Set 14/3 http://t.co/lxVI2ryGd6;
Uji kemampuan battle & dance competition-mu di #Safecare3on3?Registrasi 1-17 Maret, info 081224747780 @safecareID http://t.co/tjdwV7ssl8;
@InfoBdgEvent minta infonya donk kalau ada donor darah sepuratan bandung..;
Looking for tenants to support Creative Indusrty Fair 2015. CP: Diyan 085222155646 @infobdgkuliner @InfoBdgEvent http://t.co/8VaIFvPqJt;
Prepare u'r self for #PGSRUN2015 5KM on March 28th?Start Stadion SIliwangi, line Batalyon Arhanudri 3 @De_affenue http://t.co/7rhQ9UKT9D;
Jangan daftar jika anda belum siap penjualan produk naik drastis, brand makin dikenal @yubibdg #YukbisnisBandung http://t.co/duKdPKa24Z;
@InfoBdgEvent Hi we are GwP Pro Wrestling if your looking for sports events @ your location contact 2day cc@gwpwrestling.com Follow us;
Folow info event » @InfoAcaraJKT @InfoAcaraGigs @infoacaraSMA @infoindiebdg @InfoPensi @InfoBdgEvent @BDG_Event @EVENT_INDONESIA;
@InfoBdgEvent  leres teu min? http://t.co/lmlsWgXg0i;
"metal head Bandung 
Tgl 15 maret akan ada perform @ChildrenOfGaza @HuseinIDOL8 @InfoBdgEvent   #HuseinOnASDR http://t.co/z8oCXZeGA9";
@InfoBdgEvent 2015 masih susah cari kerja? kesini aja! #JobExpo 18-19 Mar'15.Landmark Conv.Hall Info:@IndonesiaCareer http://t.co/xSM2NOO2a0;
Pengen tau event apa aja yg ada di BDG minggu ini? Cekidot! Jgn lupa follow jg @InfoBdgEvent #eventBDG http://t.co/WwH4YMQBuL;
Be inspired by famous entrepreneurs! @ridwankamil, @therealdisastr, etc Tix: http://t.co/JWVec7szvr @creativeP_ec http://t.co/FKkjGzIXEO;
Malam Sauyunan, malam ini jam 19.00. Cc @film40days @NMworld @ecocijaringao @InfoBdgEvent @angklungITB @angklunglima http://t.co/SgUze22Kf7;
Come & join #outofcontrol vol.3 w/ Ical, Diskopantera, Rizal Sastra & many more at @LSOCIETE | RSVP 022-2512638 http://t.co/lxVI2ryGd6;
"""Malam Sauyunan, malam ini jam 19.00. Cc @NMworld @ecocijaringao @InfoBdgEvent @angklungITB @angklunglima http://t.co/aUsQJm3nSX"" yuk dateng";
"@infobdg @infobdgkuliner @LokerBdg @InfoBdgEvent @InfoBdgDiskon Yuuuu buat yang mau liburan bisa kontak kami segera.
More Info 022-4221073";
siapa lg yg pengen menyalurkan bakatnya??buran daftar ?? @infobdg @infobandung @infokulinerbdg @InfoBdgEvent http://t.co/4dWKAqMJ37;
@ridwankamil @bandrosmarkt @InfoBdgEvent Bantal ini ada di pameran disperindag graha manggala siliwangi 21-22 April http://t.co/I6bna7mTa6;
#FF @infoin_aja @infobdg #FF @infobdgkuliner @LokerBdg @InfoBdgEvent @InfoBdgDiskon @InfoBdgProperty @ilovebdg @infobdgTV @infoindiebdg;
#FF @infobdgkuliner @LokerBdg @InfoBdgEvent @InfoBdgDiskon @InfoBdgProperty @ilovebdg @infobdgTV @infoindiebdg @infobdgFJB @BdgDailyPic;
@infobandung @infobdg @InfoBdgEvent Malam Sauyunan Saung Angklung Udjo -> http://t.co/cSy1MpQ7Uf http://t.co/JUf5O0vC24;
Seminar profesional make up di RTC @InfoBdgEvent #MakeupArtist #seminar minat 081321434147 http://t.co/WuwzWLiG5B;
Jangan lewatkan! Besok ada pameran mainan & produk anak terbesar di Jawa Barat #TOYSNKIDSEXPO2015 - @neobandung http://t.co/Fr7fuqAOiW;
Enjoy u'r Saturday in #outofcontrol Vol.3 w/ Ical, Diskopantera, Rizal Sastra, Mangkok Manis DJ Set at @LSOCIETE http://t.co/lxVI2ryGd6;
TOMORROW! #outofcontrol vol.3 w/ Ical, Rizal Sastra & Mangkok Manis DJ Set etc at @LSOCIETE | RSVP 022-2512638 http://t.co/lxVI2ryGd6;
Selamat malam @InfoBdgEvent, enaknya beristirahat & bersantai sambil ngemil dengan #makaronce :) http://t.co/mCePYsXLrM;
@InfoBdgEvent @InfoBdgDiskon @InfoBdgProperty @ilovebdg @infobdgTV @infoindiebdg @infobdgFJB @BdgDailyPic @se_bdg http://t.co/3X1gNCkBmJ;
@ComicSunda @novriliaadella @fenofa @JalmaMerdeka @infobdgFJB @adellaudhelia @InfoBdgEvent H-7 100% duren #yuumerapat http://t.co/P0ppRyEbOB;
Besok! Akan ada pameran mainan dan produk anak terbesar di Jawa Barat! Dtg ke #TOYSNKIDSEXPO2015 @neobandung http://t.co/Fr7fuqAOiW;
Tiket #PGSRUN2015 skrg masih presale! Tiket box » Bober Tropica & Riau, Waroeng Distrik & Wiki Koffie @De_affenue http://t.co/7rhQ9UKT9D;
3on3, 3point shoot, battle & dance competition on #safecare3on3?20-22 Maret at Festival City Link @safecareID http://t.co/tjdwV7ssl8;
@InfoBdgEvent Bosan dgn fee yang lama, yu join with me. SPG Mobile selling DJARUM area Jakarta Timur.Fee cair/ minggu (pasti).Info 512D5CFE;
Sekarang hari terakhir pendaftaran! Tidak ada On The Spot! Ambil kesempatan langka ini @yubibdg #YukbisnisBandung http://t.co/duKdPKa24Z;
HARI INI ! Dateng ke #TOYSNKIDSEXPO2015 pameran mainan dan produk anak terbesar di Jawa Barat! @neobandung http://t.co/Fr7fuqAOiW;
"@infobdg @infobandung @InfoBdgEvent  Ada yang tau jam brapa arak"" an cap gomeh di cibadak mulai jam brapa ?";
ko bisa kepikiran pembuatnya haha, ta minta royalti ntar“@diwanali: Anjas nama maneh famous bi  «@InfoBdgEvent Sekar http://t.co/J2by0YoWsg”;
Anjas nama maneh famous bi @YubyEF  «@InfoBdgEvent Sekarang hari terakhir pendaftaran! Tidak ada On The ... http://t.co/rN0vmhqDfg;
@InfoBdgEvent Hari ini. KONFERENSI ASIA AFRIKA GELAR SEMINAR CIVIC ISLAM http://t.co/sPJOeLgYc6;
@infobdg @InfoBdgEvent min info sim kelilingnya dong...;
Pengen tau event apa aja yg ada di BDG minggu ini? Cekidot! Jgn lupa follow jg @InfoBdgEvent #eventBDG http://t.co/65lS1Ci2et;
@infoBdgEvent kang mau tanya kalo beli tiket seminar mega php buat besok kemana ya?;
Jgn lupa BESOK TERAKHIR!! #TOYSNKIDSEXPO2015 pameran mainan dan produk anak trbesar di Jawa Barat @neobandung http://t.co/Fr7fuqAOiW;
@InfoBdgEvent Hari ini donor darah yuu. pk.10.00-14.00 Rafa Clinic Mekarwangi Jl.Rangga Kencana No.72 Bdg info: 0229111573 +produk sponsor;
Kaos stun a @InfoBdgEvent http://t.co/UYfgkslztZ;
"@InfoBdgEvent mimin minta bantuan share untuk acara #SUN1UPI22Maret kira"" bisa ga min http://t.co/TUwh8jN3KS";
@InfoBdgEvent We Invite You Tonite... Dont Be Late ... http://t.co/bLvfzF9bGa;
TONITE! #outofcontrol vol.3 Hear Us Soul w/ Ical, Diskopantera, Rizal Sastra & Mangkok Manis DJ Set at @LSOCIETE http://t.co/lxVI2ryGd6;
Ultimate talkshow with EIGHT speakers: only at #CPCorner2015 Buy tickets now at http://t.co/JWVec7szvr http://t.co/FKkjGzIXEO;
Udh beli tiket #PGSRUN2015 blm? Skrg masih presale lho! Tiket box » Bober Tropica & Riau, Wiki Koffie @De_affenue http://t.co/7rhQ9UKT9D;
Masih ga PD & ga beraniTampil? Di situ Kadang Saya Merasa Sedih! Bongkar semuanya disini yuk guys @ButterflyAct http://t.co/nXYFcbiW1k;
Tonite! @LSOCIETE --> #outofcontrol vol.3 | There'll be Ical, Diskopantera, Rizal Sastra & Mangkok Manis DJ Set http://t.co/lxVI2ryGd6;
Sore fellas :) besok kita bakalan on air di @ardanradio |#ARDANindie7 Cc:@InfoBdgEvent @Indie_bicara @infomusikindie @Promosi_Indie @14Unite;
"Cc @anggakusam ""@InfoBdgEvent: Ngaku doyan main Get Rich? Mesti dtg ke ""LetsGetRich Gathering & Competition"" 29/3/15 http://t.co/seK4Uioy5R""";
Are U ready for TONITE? Feel the #outofcontrol vol.3 w/ Ical, Diskopantera, Mangkok Manis DJ Set at @LSOCIETE http://t.co/lxVI2ryGd6;
"@anthonvm ""@InfoBdgEvent: Ngaku doyan main Get Rich? Mesti dtg ke ""LetsGetRich Gathering & Competition"" 29/3/15 http://t.co/2vmaOWg2km""""";
Datang & Saksikan kemegahan event tahun ini! STQ XIV & FESTIVAL ISLAMIC CENTER SE- JAWA BARAT @infobdg @InfoBdgEvent http://t.co/OuqUzGCBwI;
"""@InfoBdgEvent: Presale tiket #PGSRUN2015 5 KM bisa km dapetin di CFD Dago hari Ini, so grab it fast! - @De_affenue http://t.co/UtPNH7KXJi""";
Presale tiket #PGSRUN2015 5 KM bisa km dapetin di CFD Dago hari Ini, so grab it fast! - @De_affenue http://t.co/7rhQ9UKT9D;
Mei 2015? @KGerpeda @OfficialGerpeda @gerpeda ikut serta berarti melestarikan budaya:) #FBS2015 @InfoBdgEvent http://t.co/F2ZiBfNqm1;
H-2 close register #Safecare3on3! Cepet daftarin tim-mu ke Graha Pena BDG Ekspres ?Info 081224747780 @safecareID http://t.co/tjdwV7ssl8;
HARI TERAKHIR NIH! #TOYSNKIDSEXPO2015 pameran mainan dan produk anak terbesar di Jawa Barat loh! @neobandung  http://t.co/Fr7fuqAOiW;
@InfoBdgEvent pake tiket gk kloo mauu masuk ke #TOYSNKIDSEXPO2015 di bandung, nuhhun;
"""@InfoBdgEvent: HARI TERAKHIR NIH! #TOYSNKIDSEXPO2015 pameran mainan dan produk anak terbesar di Jawa Barat loh! ""masuknya bayar gak??";
@InfoBdgEvent @neobandung masuk ke area pameran pakai ticket ? Atooo gratis...?;
Come and visit Dessan baby clothes @infobandung @InfoBdgEvent @kicauBandung @BandungIKLAN @BeritaBandungKu #BajuBayi http://t.co/luo6eoytGe;
Jam4sore ini kita live di #ArdanIndie7 @ardanradio https://t.co/dL77BJ5XWn @BerisikRadio @totalberisik @BandungMagazine @InfoBdgEvent;
Talkshow w/ @yansenkamto, @therealdisastr, @vidialdiano, etc only at #CPCorner2015 TIX: http://t.co/JWVec7szvr http://t.co/FKkjGzIXEO;
@infobdg @InfoBdgEvent 22s/d27-Maret-2015 ada acara STQ XIV & Festival Islamic Center Se-Jabar 2015 di PUSDAI http://t.co/Rxo8tbyaEY;
@InfoBdgEvent urang sunda kudu ngiluan?????? http://t.co/IxqslaVC8Q;
Liburan di Alam Priangan Timur #ExplorTasikMalaya #PrianganTimur #JawaBarat @InfoBdgEvent @BeritaBandungKu http://t.co/LRQWaDpPUx;
Monday (16/3) #SHOWTIME @MOXCLUB w/ @TRIZHAharun @GemaSyaa @aldydass @abangteuku_ @LeoPebe @AndreCrush @InfoBdgEvent http://t.co/1GFfd2W3VT;
"TONIGHT!! ""KILL THE STAR"" SUN,15'MARCH-15.. W/DJ'S NOVA QUEENSA-REGIENA AND ANOTHER DJ'S.. R.S.V (022)2033405/08567448543 @InfoBdgEvent";
@InfoBdgEvent when was the first time you tried coffee?;
@InfoBdgEvent Hi friends,we invite u for come to our party (Monday,16/03/15) #ShowTime at MOXCLUB bdg. For More info/Rsvp;
Live Now! Re-Create! #PublicSpeakingSkill talkshow w/ @PassionateHarri Klite fm & bakalan ada Promo @ButterflyAct http://t.co/nXYFcbiW1k;
@infobandung @InfoBdgEvent @infobdg  ACN 3 28/3/15 sponsor yg mau gabung please call cp. 022 92999926 - 081223120278 http://t.co/COqhftpxWw;
"@infobandung @nugreentea @DiskominfoBdg @InfoBdgEvent  ""masih ada stan selain sosis--Cp. 02292999926-081223170278 http://t.co/OKPbsRDfen";
"tempat pembuatan MUG PROMOSI termurah
@info_purwakarta  
@infobandung
@InfoBdgEvent
@SmansaPwk
@DediMulyadi71 http://t.co/FFHcClXe3Y";
ROUNDTABLE FOR INDONESIAN ENTREPRENEURSHIP EDUCATORS 2015 (RIEE) OPEN REGISTER! @unpad @upiofficial @InfoBdgEvent http://t.co/nKeuWz4XQ0;
kuota presale1 sudah hampir habis. ayo buruan. takut kehabisaaaaaan. #dilan2 #RedgardAlertX http://t.co/J3oEUhVIFv cc: @InfoBdgEvent;
Mau omset bisnis dahsyat? ikuti #seminarBIGPRO w/ @ridwankamil @tuhunugraha?http://t.co/XgvNrJF8ex @bigproID http://t.co/6n0W6807Iq;
Talkshow w/ @ridwankamil, @andreahirata, etc only at #CPCorner2015 TICKETS: http://t.co/JWVec7szvr @creativeP_ec http://t.co/FKkjGzIXEO;
H-1 close register #Safecare3on3! Cepet daftarin tim-mu ke Graha Pena BDG Ekspres ?Info 081224747780 @safecareID http://t.co/tjdwV7ssl8;
Cm disini bljr #PublicSpeakingSkill bisa 1 hari & Aplikatif w/ @PassionateHarri & @GilangPambudhi  @ButterflyAct http://t.co/nXYFcbiW1k;
Coming Soon, largest hobbies event in Indonesia #Hobbycon #Hobbiesconvention @InfoBdgEvent @InfoBdgRadio @infobdg @InfoBdgDiskon;
@InfoBdgEvent Semarak Lomba Festival Batik, Bordi, dan Tenun Nusantara! Hadiah total jutaan rupiah + hadiah lainnya! http://t.co/JHuTTrzLxJ;
@InfoBdgEvent Ayo ikut #BatikGroufieChallenge berhadiah total 1.500.000! http://t.co/ZsrkbzS2S0;
#seminarBIGPRO w/  @ridwankamil @tuhunugraha & Palti Sitorus?Daftar? klik http://t.co/XgvNrJF8ex - @bigproID http://t.co/6n0W6807Iq;
Tiket #PGSRUN2015 skrg masih presale! Tiket box » Bober Tropica & Riau, Waroeng Distrik & Wiki Koffie @De_affenue http://t.co/NJXbtQaGVs;
Proudly Present Seminar Kewirausahaan HMM USB YPKP Cepat Terakhir Pendaftaran  @HimaIKOPINS1 @infobdg @InfoBdgEvent http://t.co/Yhh16uuRii;
Yuk gabung! #seminarBIGPRO w/ @ridwankamil @tuhunugraha! Pos Banda 28/3, http://t.co/XgvNrJF8ex - @bigproID http://t.co/6n0W6807Iq;
Selamat pagi sahabat O-smile, selalu jaga kesehatan & kebersihan gigimu^^ @JogjaUpdate @damnitsbali @InfoBdgEvent @infoSMG @BekasiUrbanCity;
Pengen bisnis maju & tau cara dapet modal besar dr investor? Jawabannya di ? http://t.co/VhfKCJ93lt - @bigproID http://t.co/ep761BdTbl;
TODAY close register #Safecare3on3 till 5pm?Graha Pena BDG Ekspres Jl Soekarno Hatta 627?081224747780 @safecareID http://t.co/tjdwV7ssl8;
Saatnya makan siang sahabat O-smile, selalu konsumsi makanan sehat ya^^ #LunchTime @JogjaToday @InfoBdgEvent @BekasiUrbanCity @infoSMG;
konsultasi kesehatan gigi scra online & GRATIS? akses http://t.co/bzvEIICd7f  @JogjaUpdate @damnitsbali @InfoBdgEvent http://t.co/iz5x3dMMDz;
@InfoBdgEvent #EventBDG Excusive fashion & beauty event from #StarGlamMagz Tempat terbatas! Info:022-7324011 #InfoBDG http://t.co/svcbkrcTcD;
"Ujian Saringan Masuk : 23 Mei 2015 ;) pendaftaran dapat dilakukan sebelum 22 Mei mendatang @infobdg @InfoBdgEvent http://t.co/gWTlvOgLBL";
Ikut share @infoBdgevent @infoBdg info lebih lanjut hub bank BRI terdekat http://t.co/G6utlPj8Ka;
"Coming soon! #PGSRUN2015 

@infobdg @InfoBdgEvent @Fatigon_Spirit @My_HydroCoco http://t.co/SNj1sQYCb8";
Fast Respon Add Pin:27B363F4 / Pin:53C7E00B , FB: Arviga Butik HP: 085795173136 @InfoBdgEvent @infopemalang @EventSemarang @bdgevent;
"http://t.co/FLMjpJZ9sk

@hendrata13 
@info_purwakarta 
@infobandung 
@InfoBdgEvent 
@SmansaPwk 
@smandapwk
@DediMulyadi71
@Kecap33";
Tensi dulu sebelum maen di unibba baleendah @budi_cilok @SusiMulyono @InfoBdgEvent @feryrahmatfauzi http://t.co/SFoNGvDZqw;
@Wenk_schatzi @budi_cilok @InfoBdgEvent @feryrahmatfauzi semoga selalu sehat mas budi...^_^;
#CPCorner2015 is getting closer! Make sure you have already took the creativity challenge #GotTheGuts Info:http://t.co/A2Balv74DH;
@DeviKurniaS18 @InfoBdgEvent  baru buka twitter ??;
"@InfoBdgEvent Ayam Goreng/Bakar Taliwang (khas Lombok) cuma 15k aja. Recommended!
#wawaroengan http://t.co/Y2sXLcaLF3";
"Yuk dtg ke Telkomsel Dago Digilife 19/3! Akan ada acara ""LetsGetRich Gathering & Competition""! Registrasi 25K http://t.co/rd43uNnR7C";
@InfoBdgEvent 19/3 atau 29/3 min?;
Prepare u'r self for #PGSRUN2015, let's run 5 KM start Stadion SIliwangi, line Batalyon Arhanudri 3 - @De_affenue http://t.co/hdnI1P5Niw;
Pengen tau event apa aja yg ada di BDG minggu ini? Cekidot! Jgn lupa follow jg @InfoBdgEvent #eventBDG http://t.co/9GVZxUiy8i;
Cie yg ikutan @nehemiaedward :3 RT @infobdg: event apa aja yg ada di BDG minggu ini? Cekidot! @InfoBdgEvent #eventBDG http://t.co/blze5ce088;
@infobdg: Pengen tau event apa aja yg ada di BDG minggu ini? Cekidot! Jgn lupa follow jg @InfoBdgEvent #eventB... http://t.co/OCVWdyULHf;
"*need media partner
@addictedarea @HaiMagazine @kicauBandung @infobandung @InfoBdgEvent @897GlobalRadio @ardanradio http://t.co/wZF5WQXxjr";
lakukan olah raga pagi walau sekedar beres beres rumah brooo @InfoBdgEvent @SeputarEvent @InfoRatingTV @totalberisik @Info_UG @INFOINFOGIGS;
Ikutan yuk! #seminarBIGPRO digital marketing paling DAHSYAT! Khusus pebisnis yg pengen SEGERA SUKSES @bigproID http://t.co/6n0W6807Iq;
@infobdg @InfoBdgEvent hayang euy beb yu beb;
Prepare u'r self ?? RT @InfoBdgEvent: #PGSRUN2015, let's run 5 KM start Stadion SIliwangi, line Batalyon Arhanudri 3 http://t.co/D5DJDZ5a8g;
Selamat pagi sahabat O-smile, tunjukkan senyum cantik & sehatmu^^ #dental @JogjaUpdate @damnitsbali @InfoBdgEvent @infoSMG @BekasiUrbanCity;
@infobdg @InfoBdgEvent ini buat tgl brp?;
kapan dan tiketnya berapa min ? @infobdg @InfoBdgEvent;
@InfoBdgEvent @BeFunNColorful pendaftarannya dimana min ?? adik uka mau ikutan nih;
"@InfoBdgEvent event akbar tahunan hut dki jakarta ke 488
tunggu apa lagi booked segera standnya,sebelum kehabisan.. http://t.co/XPFukr1BO5";
promote : Idanz nugraha, penyanyi religi/nasyid call for booking on your #islamicevent hub: 083820949902 / 7faaf73d @infocjr @InfoBdgEvent;
Kpn lg ikut #seminarBIGPRO digital marketing w/ pembicara TOP! Info klik http://t.co/XgvNrJWJ65 @bigproID http://t.co/6n0W67IwjQ;
Don’t be late! TECHNICAL MEETING #Safecare3on3 March 19th at Graha Pena BDG Ekspres?See you guys! @safecareID http://t.co/tjdwV7aQWy;
"@InfoBdgEvent #Tomorrow Thursday 19 March ""BDMF 3"" @SOBBERS_CLUB !!! http://t.co/4TxRgPuWni";
#CPCorner2015 at The Hall SenCi on March 28th! w/ ChairulTanjung, @ridwankamil etc. Get ur tickets! @creativeP_ec http://t.co/FKkjGzIXEO;
@infobdg @InfoBdgEvent Selamat malam, Pasificious! H-3 nih siapa yang belom beli tiketnya? Ayo buruan serbu tiketnyaaaa #PASIFIC2;
#PublicSpeakingSkill & Effective Communication Skill! 21/3 at Hotel Golden Flower Info @ButterflyAct 081313132300 http://t.co/nXYFcbiW1k;
Pantomime di Unpad Jatinangor nih! Mari merapats lurs! Ada pentas&diskusi jg. Info diposter.@infobdg @InfoBdgEvent http://t.co/tV4488dVrk;
Audio Center KLA series Tridy production sound property @bdgevent @infobdg @infojakarta @InfoBdgEvent @bdgevent http://t.co/twwD7xVDJC;
Re-Create #PublicSpeakingSkill w/ @PassionateHarri & @GilangPambudhi info sore ini @DeltaFMBandung @ButterflyAct http://t.co/nXYFcbiW1k;
"@InfoBdgEvent Mau nikah jaman sekrang udah ga usah harus ribet,hubungi kami INSPIRA WO,info jelas hubungi langsung
Ray : 085722096788";
AAC 2015 - Bandung, April 21-27, 2015 @ridwankamil @InfoBdgEvent http://t.co/uLpQYsJYwb;
Pengen tau event apa aja yg ada di BDG minggu ini? Cekidot! Jgn lupa follow jg @InfoBdgEvent juga yah #eventBDG http://t.co/9GVZxUiy8i;
H-3 Re-Create #PublicSpeakingSkill stay tune @DeltaFMBandung w/ @PassionateHarri &@GilangPambudhi @ButterflyAct http://t.co/nXYFcb1kCK;
Yuk beb??RT @wildanft: @infobdg @InfoBdgEvent hayang euy beb yu beb;
@ayurizkynura @infobdg @InfoBdgEvent ayok beb kita ngecouple :* min ini kapan acaranya?;
Spend ur Saturday w/ ChairulTanjung, @ridwankamil, etc. #CPCorner2015 is coming on 28March - @creativeP_ec http://t.co/FKkjGzIXEO;
Seminar Teknik Marketing & Operasional BISNIS KULINER omset ratusan juta (utk Newbie/Startup) CALL 081289438699 http://t.co/9OISgBhqkT;
#BookTalk #28Detik | @inziati @atriasartika | @Cokotetra | cc: @InfoBdgEvent http://t.co/1pLODrCsAy;
Gimana caranya memaksimalkan socmed buat ningkatin omset bisnis? Yuk ikutan #seminarBIGPRO, info @bigproID http://t.co/6n0W6807Iq;
"@InfoBdgEvent INDONESIAN CANINE REGISTRY presents : 
""MAKE A CHANGE"" 
March 28-29th, 2015
Lembang asri
Jl. Kol. Masturi KM 4, Lembang";
@InfoBdgEvent @ridwankamil @tuhunugraha @bigproID kapan diadain di Jkt mas? :);
Save the date! #seminarBIGPRO w/ @ridwankamil @tuhunugraha 28/3?Info klik http://t.co/XgvNrJF8ex - @bigproID http://t.co/6n0W6807Iq;
@aprilriniapril @InfoBdgEvent @ridwankamil @tuhunugraha yg dijakarta ayo pd dtngg. Sekalian jln2 ke bandung :);
Jangan lupa Sabtu 21maret'15 di Sabuga Bandung :)) @infobdg @InfoBdgEvent http://t.co/dbKJlXdifd;
@infobdg @InfoBdgEvent;
Pengen tau event apa aja yg ada di BDG minggu ini? Cekidot! Jgn lupa follow jg @InfoBdgEvent juga yah #eventBDG http://t.co/9GVZxUiy8i;
"Selain ada BARRY LIKUMAHUWA jg ada Alexa diacara ""Gala Abhinaya""  loh @UKMBANDEKUITAS @InfoBdgEvent @BiroEventBemUT http://t.co/jV7cZVFZ6H";
TODAY !!! @infobandung @InfoBdgEvent http://t.co/iQL9etf1jy;
"Siap"" taruwit! #FestivalIslamicCenterada STQ XIV, lomba nasyid, hijab icon model?Pusdai 22-27Maret - @aluxs_info http://t.co/GM1CCFFIca";
"@MousikeStudio | Ruko MTC/ METRO INDAH MALL Blok F-3 SOETTA BANDUNG. CONTACT : 087722503372 - @bdgevent @InfoBdgEvent
http://t.co/aDwPPrJNWB";
Pengen tau event apa aja yg ada di BDG minggu ini? Cekidot! Jgn lupa follow jg @InfoBdgEvent jg yah #eventBDG http://t.co/8ThKghft4D;
Ultimate talkshow @yansenkamto, @therealdisastr, @vidialdiano, etc only at #CPCorner2015 March 28th http://t.co/FKkjGzIXEO;
"Mau dpt tmn baru? Ga ada slhnya ke Telkomsel Dago Digilife di acara ""LetsGetRich Gathering & Comp"" Registrasi 25K http://t.co/rd43uNnR7C";
"Hayu ah @chanzio @InfoBdgEvent: Telkomsel Dago Digilife di acara ""LetsGetRich Gathering & Comp"" Registrasi 25K http://t.co/6CRS8t1e0w""";
@InfoBdgEvent Job PRJ DJARUM Fee 350rb/shift & IIAS Agustus 2015 fee 800rb/shift.Min 165cm (wajib),Goodlooking(putih).Info 512D5CFE;
@InfoBdgEvent;
Bingung weekend ini kemana? Nih #eventBDG yg ga boleh kelewatan! Follow @InfoBdgEvent u/info lengkapnya ?? http://t.co/8ThKghft4D;
@InfoBdgEvent @InfoBdgEvent min minta info lebih untuk yang run&color fest 2015 harus regis dulu atau engga? Makasihhhh;
"@MousikeStudio | Ruko MTC/ METRO INDAH MALL Blok F-3 SOETTA BANDUNG. CONTACT : 087722503372 - @bdgevent @InfoBdgEvent
http://t.co/aDwPPrJNWB";
HARI INI di Sabuga Bandung, @DE19WA @sheilaon7 @maliqmusic @moccaofficial. On The Spot Ticket 225K! (OPEN GATE: 1PM) http://t.co/5hxzhsJL3G;
Jangan sampe kelewat nih event2 seru yg ada di Bandung. Ayo datengin semua! Jgn lupa follow @InfoBdgEvent  #eventBDG http://t.co/8ThKghft4D;
"Today!!! PASIFIC 2 : The Soul of Nature at Sasana Budaya Ganesha (SABUGA) Bandung
#eventBDG @infobdg @infobdgevent @PASIFIC_FEB";
Segera tampil #Arumba with @MusikBambu at 3rd floor food court @istanaplaza @InfoBdgEvent @bbcCultureShow http://t.co/bbDsOH8QEj;
HARI INI di Sabuga Bandung, @DE19WA @sheilaon7 @maliqmusic @moccaofficial. On The Spot Ticket 225K! http://t.co/Q8NQYgTGVY;
"""@infobdg: Jangan sampe kelewat nih event2 seru yg ada di Bandung. Ayo datengin semua!  @InfoBdgEvent  #eventBDG http://t.co/cysGq0npGc""";
Kesalahan besar dlm bisnis salah satunya a/ model bisnis buruk! Gmn ngatasinnya? Klik? http://t.co/VhfKCJ93lt http://t.co/ep761BdTbl;
"#VAPErilmove #WednesdayApril01st2015 at @SOBBERS_CLUB?? #MakeCrowdMakeCloudKeepVapeOn"" Supportedby: @InfoBdgEvent http://t.co/jXpAT1K1Pb";
Mantapp menambah nikmat santap sore @istanaplaza @infobandung @InfoBdgEvent @MusikBambu http://t.co/kmKPaWh07Z;
Meet @ridwankamil, @darwistriadi, @andreahirata at #CPCorner2015! TICKETS: http://t.co/JWVec7szvr - @creativeP_ec http://t.co/FKkjGzIXEO;
"@InfoBdgEvent @istanaplaza ""@NissanID #JukeLoudnRoll, daftarkan diri Anda segera di http://t.co/qetT4pcBv0 http://t.co/rd6Qmk1YGd""";
"TONIGHT!!! ""LIQUID CALLING"" SAT,21MAR15 W/LIQUID SQUAD..HAU2-DERRY-IMDAN..RSV (022)2033405/08567448543 @InfoBdgEvent http://t.co/FORAVPt9QO";
Prepare u'r self for #PGSRUN2015 5KM on March 28th?Start Stadion SIliwangi, line Batalyon Arhanudri 3 @De_affenue http://t.co/uEVz7YfTY3;
Gimana? setelah nyanyi bareng dengan @sheilaon7 di eventnya @PASIFIC_FEB 2 at Sabuga Bandung terpuaskan.. #eventBDG http://t.co/e6YJdRy8qn;
Terpuaskan lihat penampilan spesial dari @DE19WA @PASIFIC_FEB 2 at Sabuga Bandung #eventBDG http://t.co/Ua9BbmAyqH;
"@InfoBdgEvent View Hot photos & Videos Justin Bieber !
here =>  http://t.co/sz144JesIB";
Gimana? Semuanya senang.. Semua bernyanyi bareng @DE19WA di event keren @PASIFIC_FEB II UNPAD at Sabuga Bandung http://t.co/zGKnkSFgjq;
@InfoBdgEvent NEXT WEEK! Hanya 3Hari! Temukan Ragam Inspirasi & Referensi Usaha di #IFBCexpo2015 BANDUNG 27-29Mar di #GrahaManggalaSiliwangi;
SABUGA malam tadi.. @Sheilaon7 @moccaofficial @MaliqMusic @DE19WA & @Ari_lasso. Semua Terpuaskan!! #PASIFIC2 http://t.co/jU3DhLOtRR;
must join..@forumfotografi @Infofotografi @fotografernet @InfoBdgEvent @ridwankamil @danielramdhanii @ModelKita http://t.co/TKvJjbqTPF;
TODAY! #FestivalIslamicCenter berbagai pameran, tabligh akbar & lomba w/ Hadad Alwi?FREE ENTRY, info @aluxs_info http://t.co/GM1CCFFIca;
Performances by @So7 @newgruvi @medakawu @angelicaaMP after fun talkshow? Come to #CPCorner2015 - @creativeP_ec http://t.co/FKkjGzIXEO;
Besok banget! Pre-event GME 2015! Bakalan ada @dibandaneira | @infobdg @InfoBdgEvent @InfoPensi @gigsbandung http://t.co/3krIPnvat5;
"@IklanTerUpdate Mug Warna Gapura jadi Primadona http://t.co/Mkuhefg3ov
@hendrata13
@InfoBdgEvent
@ridwankamil";
"@InfoBdgEvent More Info & Pemesanan Tiket hubungi CP :
- line : syifnad
- phone & WA : 087722106697
- BBM : 528DE3CC http://t.co/Vvr5MDC0JQ";
"@InfoBdgEvent #TONIGHT Sun,22March ""MANIFIESTO"" @MOXCLUB w/ @sandyalmalik @IRSYAD_KI @AriaFir @Fyan_False9 @mcdivomic http://t.co/4rn75lhHnp";
"@InfoBdgEvent #TONIGHT Sun,22March ""MANIFIESTO"" @MOXCLUB w/ @sandyalmalik @IRSYAD_KI @AriaFir @Fyan_False9 @mcdivomic http://t.co/rriXPMfPJH";
wat hepen di bandoengs ??? @InfoBdgEvent @infobdg @infobandung @pj_id @BdgLOSTDOGS @hardrockfmbdg http://t.co/WI5HzXEq0N;
@InfoBdgEvent punya intragram g @InfoBdgEvent;
#seminarBIGPRO w/ @ridwankamil @tuhunugraha?Khusus pebisnis yg mau maju! H-6 seat semakin terbatas,info @bigproID http://t.co/6n0W6807Iq;
Last Week Register: Seminar Teknik Marketing & Operasional BISNIS KULINER (utk Newbie/Startup) CALL 081289438699 http://t.co/9OISgBhqkT;
Prepare u'r self for #PGSRUN2015, let's run 5 KM start Stadion SIliwangi, line Batalyon Arhanudri 3 @De_affenue http://t.co/uEVz7YfTY3;
@InfoBdgEvent yg mau pesen snack box bs di qta yah.. Makasih.. http://t.co/QOFQRM1La8;
Tambah networking bisnis di #seminarBIGPRO w/ @ridwankamil @tuhunugraha H-5 Seat semakin terbatas?Info @bigproID http://t.co/6n0W6807Iq;
Bikin video kreatif tentang lingkungan yuk, & dapatkan uang 58 juta rupiah dari #GoshBCA . klik: http://t.co/VHhit4ceoH;
@InfoBdgEvent #NEXT #VIBEENERGY at @SOBBERS_CLUB w/ @danisubrata @daanamd @Joe_45G @rizkyerpe @Friskadeel @VIBE_Org http://t.co/FqOrL6HGW9;
@InfoBdgEvent 25-29 Maret 2015| IndiHome NBL Indonesia seri IX Bandung| Gor C-tra | more info: 081224400238 http://t.co/r1PMkHprk1;
RT @GME2015: Besok banget! Pre-event GME 2015! Bakalan ada @dibandaneira | @BDG_Musicity @bdgevent @MusicBandung http://t.co/dPeJLjYNbK;
RT @finasumadipraja: Bolehhh bantu RT yahh @RANforyourlife & @MaliqMusic buat acara CARNIVAL TSB | 02 April 2015 ????, cc @bdgevent http://t.…;
siang-siang gini biar adem enak dengerin @the_laststring sambil minum teh di https://t.co/V7UOpP4alC enaak :);
RT @the_laststring: Buat yang bakalan nonton kita di Balada Kopajanya @abnonjakpus boleh disimak dulu video kita di https://t.co/0TFb2y14M7…;
The 7th International Kampoeng Jazz akan diselenggarakan pada tanggal 2 Mei 2015 di Unpad Dipati Ukur, be there! :) @KAMPOENGJAZZ;
Mon(23/3) #WomanOnRock @MOXCLUB W/ @TRIZHAharun @anezena @cleo_pyramid @chennylaksani @LeoPebe @InfoBdgEvent http://t.co/nZNEV3nz5g;
Merapat Taruwit ke #FestivalIslamicCenter ada STQ XIV, lomba nasyid,dll ?Pusdai 22-27Maret - @aluxs_info http://t.co/GM1CCFFIca;
Talkshow w/ @yansenkamto @therealdisastr, Andre Surya @vidialdianoonly at #CPCorner2015 - http://t.co/JWVec7szvr http://t.co/FKkjGzIXEO;
Seru kayanya kalo Bandung ngadain acara di Sabuga pas wekkend! acara nya siang dan bintang tamu nya @FatinSL Cc @InfoBdgEvent @infobdg;
"Udah punya rencana dtg ke ""LetsGetRich Gathering & Competition""? hub CP LINE: @ANTSQUAD & udhoyeahh skrg http://t.co/rd43uNnR7C";
"Bromo midtnight tour hnya 275k ayo buruan gabung ... 
Hub:085755068088.
Pinbb:3136e7eb @infobogor @infobdgFJB @InfoBdgEvent @InfoBazaarJKT";
"""@HSSyahdan ini keren mbaa?????? @InfoBdgEvent: Udh beli tiket #PGSRUN2015 blm? Jgn smp ketinggalan! Tiket @De_affenue http://t.co/guffXplafa""";
Hayo gabung di acara Charity events for thalassemia. 19 April bulan depan. Hayo. @InfoBdgEvent @VAIKUNTHALOKA http://t.co/aQFEExklvR;
"@Helmi_N27 ""@InfoBdgEvent: Udah punya rencana dtg ke ""LetsGetRich Gathering & Competition""? hub CP LINE: @ANTSQUAD http://t.co/5EXIfik0tj""";
Cari furniture dgn model terbaru, berkelas & berkualitas? ke #NewTrendFurnitureExpo yuk! 21- 29 Maret di BCC http://t.co/lJybdYtFVV;
Udh beli tiket #PGSRUN2015 blm? Jgn smp ketinggalan! Tiket box » Bober Tropica & Riau, Wiki Koffie @De_affenue http://t.co/uEVz7YfTY3;
"ikut ah ??""@InfoBdgEvent  #PGSRUN2015, let's run 5 KM start Stadion SIliwangi, line Batalyon Arhanudri 3 @De_affenue http://t.co/ZZnEtaEAPD""";
@AlunanSemesta @infobandung @infobdg @InfoPensi @InfoBdgEvent @HaiMagazine @Promosi_Indie http://t.co/KHRARZKpGu;
Tabligh Akbar ustz wiwin (siti Habibah) 12.30 wib Hari ini, Pusdai,Festival IslamicCenter. GRATIS @InfoBdgEvent @infobandung @Tabligh_Akbar;
"1. NGERASA BAND KAMU GITU-GITU AJA?
Follow @HipEnterprise info lebih lengkap Cc: @BandungMagazine @lokaholic_pjtv @infobdg @InfoBdgEvent";
"@InfoBdgEvent ""FESTIVAL PELAJAR JAWA BARAT 2015""
1 MEI 2015 @TransStudioBdng 
RP. 175.000,-
minat sms ke 081222205713 http://t.co/0pGMXeVNaY";
Hari ini Rina Gunawan mau sharing ttg menyiapkan pernikahan lho! Cuma di #FestivalIslamicCenter, free @aluxs_info http://t.co/GM1CCFFIca;
H-4 seat semakin terbatas! Yuk gabung ratusan pengusaha keren di #seminarBIGPR w/ @ridwankamil dll?Info @bigproID http://t.co/6n0W6807Iq;
Pameran furniture terbesar se-JABAR! #NewTrendFurnitureExpo disc up to 60 %?21- 29 Maret di BCC Jl. Soetta 354 http://t.co/lJybdYtFVV;
Hari ini Press Conference #IndiHomeNBL Seri IX Bandung jam 3 sore di @thesalishotel jalan Setiabudi Bandung @infobdg @InfoBdgEvent;
"Presscon ""EARTH HOUR 2015"" bersama @PemkotBandung @bplhdjabar beserta duta @EHbdg at @SheratonBDG #IniAksiku http://t.co/1aACyrylW1";
@TweetBolaBola nanti sore Persib Bandung VS PSGC ciamis at STADION GALUH @infobandung @InfoJabarID @InfoBdgEvent;
@TweetBolaBola nanti sore Persib Bandung VS PSGC Ciamis at STADION GALUH @infobandung @InfoBdgEvent @InfoJabarID @infobdg;
cuci gudang boneka doraemon https://t.co/C5Doj5kZjs @InfoBdgEvent @infojualbeli #promo #boneka #cucigudang #onlineshop #tokopedia #Bandung;
@InfoBdgEvent  Tonight @MOXCLUB w/ @IZY_rm @dhenzpineapple @ADITGLORY_ and 6others http://t.co/KPpMneDWoo;
Fun and Cheers bareng nyok!, di Braga bareng @soundcloudBDG malem ini jam 19.00/ till drop. Yuuu ah!!! @InfoBdgEvent http://t.co/Arfk38Sb52;
Tiket #PGSRUN2015 5 KM bisa km dapetin di Bober Tropica & Riau, Waroeng Distrik & Wiki Koffie @De_affenue http://t.co/uEVz7YfTY3;
@InfoBdgEvent provide buses with comfortable facilities and services, for more information : 082113875000 / 08122396487 Thankyou :);
"@InfoBdgEvent Pentas Besar Jubah Macan 2015 : Prahara Milano https://t.co/OyBNWg6DOl
Open ticketbox 09/04/2015
More info @jubahmacan_";
@InfoBdgEvent JUMAT PEKAN INI!! CaraMudah BukaUsaha di Pameran Franchise& PeluangUsaha #IFBCexpo2015 BANDUNG 27-29Mar di #GMSbdg Jl.Aceh66;
Spend ur Saturday at #CPCorner2015 with ChairulTanjung, @ridwankamil, etc TIX: http://t.co/JWVec7szvr - @creativeP_ec http://t.co/FKkjGzIXEO;
Jgn ragu dateng ke #NewTrendFurnitureExpo, ini persembahan dr 30 pengusaha furniture BDG & Jakarta?21- 29 Maret http://t.co/lJybdYtFVV;
@nuraeninure07 @ridwankamil @acarainfo_ @InfoSebandung @BeritaBandungKu @infobdg @InfoBdgEvent @infobandung sararumping hayu ah wargi bdg;
Besok batas akhir pengiriman VIDEO SELFIE kreatifmu. http://t.co/oxi3Lg48I4 #1000wajahbandung @BDGfilmcouncil http://t.co/7EuoxdjATT;
Malam ini batas akhir 'redesign' poster film Indonesia http://t.co/1gvSqo9SwI #1000wajahbandung @BDGfilmcouncil http://t.co/iATHaaIYDq;
Prepare u'r self for #PGSRUN2015, let's run 5 KM start Stadion SIliwangi, line Batalyon Arhanudri 3 @De_affenue http://t.co/TI4yrmFQHd;
Beli furniture impianmu di #NewTrendFurnitureExpo !! Dapetin clearance sale, disc up to 60 % & grand prize motor http://t.co/lJybdYtFVV;
Mau tau siapa yg jd Hijab Icon Look Model anak & remaja 2015 ?Hari ini di #FestivalIslamicCenter - @aluxs_info http://t.co/GM1CCFFIca;
#PSopenwideshow special @PureSaturdayBdg w/ friends at CLCC Sky Level PVJ BDG 28/03?Tickets @omuniuum @anggicau http://t.co/pbeBQzdDsf;
@InfoBdgEvent #KAMIS #VIBEENERGY at @SOBBERS_CLUB w/ @danisubrata @daanamd @Joe_45G @rizkyerpe @Friskadeel @VIBE_Org http://t.co/DnkATBaALR;
Bursa Kerja Career Fair Bandung 7-8 April di Gd Landmark more info 27c024ea @InfoBdgEvent http://t.co/Oa4yxfoxxl;
Daftar 3 org di public training tgl 27 maret,Dapatkan free in house training dari kami?? cc:@infobdg @InfoBdgEvent http://t.co/heFWafI5gx;
Bursa Kerja Career Fair Bandung 7-8 April di Gd Landmark more info 27c024ea @InfoBdgEvent http://t.co/7PJ7jyaxpg;
Seminar pendidikan gratis. Jumat, 27 Maret'15 @infobandung @PRFMnews @bdgevent @DISBUDPAR_BDG @InfoBdgEvent http://t.co/IFJaJczn3K;
