Live Now! Re-Create! #PublicSpeakingSkill talkshow w/ @PassionateHarri Klite fm & bakalan ada Promo @ButterflyAct http://t.co/nXYFcbiW1k;
@infobandung @InfoBdgEvent @infobdg  ACN 3 28/3/15 sponsor yg mau gabung please call cp. 022 92999926 - 081223120278 http://t.co/COqhftpxWw;
"@infobandung @nugreentea @DiskominfoBdg @InfoBdgEvent  ""masih ada stan selain sosis--Cp. 02292999926-081223170278 http://t.co/OKPbsRDfen";
"tempat pembuatan MUG PROMOSI termurah
@info_purwakarta  
@infobandung
@InfoBdgEvent
@SmansaPwk
@DediMulyadi71 http://t.co/FFHcClXe3Y";
ROUNDTABLE FOR INDONESIAN ENTREPRENEURSHIP EDUCATORS 2015 (RIEE) OPEN REGISTER! @unpad @upiofficial @InfoBdgEvent http://t.co/nKeuWz4XQ0;
kuota presale1 sudah hampir habis. ayo buruan. takut kehabisaaaaaan. #dilan2 #RedgardAlertX http://t.co/J3oEUhVIFv cc: @InfoBdgEvent;
Mau omset bisnis dahsyat? ikuti #seminarBIGPRO w/ @ridwankamil @tuhunugraha?http://t.co/XgvNrJF8ex @bigproID http://t.co/6n0W6807Iq;
Talkshow w/ @ridwankamil, @andreahirata, etc only at #CPCorner2015 TICKETS: http://t.co/JWVec7szvr @creativeP_ec http://t.co/FKkjGzIXEO;
H-1 close register #Safecare3on3! Cepet daftarin tim-mu ke Graha Pena BDG Ekspres ?Info 081224747780 @safecareID http://t.co/tjdwV7ssl8;
Cm disini bljr #PublicSpeakingSkill bisa 1 hari & Aplikatif w/ @PassionateHarri & @GilangPambudhi  @ButterflyAct http://t.co/nXYFcbiW1k;
Coming Soon, largest hobbies event in Indonesia #Hobbycon #Hobbiesconvention @InfoBdgEvent @InfoBdgRadio @infobdg @InfoBdgDiskon;
@InfoBdgEvent Semarak Lomba Festival Batik, Bordi, dan Tenun Nusantara! Hadiah total jutaan rupiah + hadiah lainnya! http://t.co/JHuTTrzLxJ;
@InfoBdgEvent Ayo ikut #BatikGroufieChallenge berhadiah total 1.500.000! http://t.co/ZsrkbzS2S0;
#seminarBIGPRO w/  @ridwankamil @tuhunugraha & Palti Sitorus?Daftar? klik http://t.co/XgvNrJF8ex - @bigproID http://t.co/6n0W6807Iq;
Tiket #PGSRUN2015 skrg masih presale! Tiket box Â» Bober Tropica & Riau, Waroeng Distrik & Wiki Koffie @De_affenue http://t.co/NJXbtQaGVs;
Proudly Present Seminar Kewirausahaan HMM USB YPKP Cepat Terakhir Pendaftaran  @HimaIKOPINS1 @infobdg @InfoBdgEvent http://t.co/Yhh16uuRii;
Yuk gabung! #seminarBIGPRO w/ @ridwankamil @tuhunugraha! Pos Banda 28/3, http://t.co/XgvNrJF8ex - @bigproID http://t.co/6n0W6807Iq;
Selamat pagi sahabat O-smile, selalu jaga kesehatan & kebersihan gigimu^^ @JogjaUpdate @damnitsbali @InfoBdgEvent @infoSMG @BekasiUrbanCity;
Pengen bisnis maju & tau cara dapet modal besar dr investor? Jawabannya di ? http://t.co/VhfKCJ93lt - @bigproID http://t.co/ep761BdTbl;
TODAY close register #Safecare3on3 till 5pm?Graha Pena BDG Ekspres Jl Soekarno Hatta 627?081224747780 @safecareID http://t.co/tjdwV7ssl8;
Saatnya makan siang sahabat O-smile, selalu konsumsi makanan sehat ya^^ #LunchTime @JogjaToday @InfoBdgEvent @BekasiUrbanCity @infoSMG;
konsultasi kesehatan gigi scra online & GRATIS? akses http://t.co/bzvEIICd7f  @JogjaUpdate @damnitsbali @InfoBdgEvent http://t.co/iz5x3dMMDz;
@InfoBdgEvent #EventBDG Excusive fashion & beauty event from #StarGlamMagz Tempat terbatas! Info:022-7324011 #InfoBDG http://t.co/svcbkrcTcD;
"Ujian Saringan Masuk : 23 Mei 2015 ;) pendaftaran dapat dilakukan sebelum 22 Mei mendatang @infobdg @InfoBdgEvent http://t.co/gWTlvOgLBL";
Ikut share @infoBdgevent @infoBdg info lebih lanjut hub bank BRI terdekat http://t.co/G6utlPj8Ka;
"Coming soon! #PGSRUN2015 
@infobdg @InfoBdgEvent @Fatigon_Spirit @My_HydroCoco http://t.co/SNj1sQYCb8";
Fast Respon Add Pin:27B363F4 / Pin:53C7E00B , FB: Arviga Butik HP: 085795173136 @InfoBdgEvent @infopemalang @EventSemarang @bdgevent;
"http://t.co/FLMjpJZ9sk
@hendrata13 
@info_purwakarta 
@infobandung 
@InfoBdgEvent 
@SmansaPwk 
@smandapwk
@DediMulyadi71
@Kecap33";
Tensi dulu sebelum maen di unibba baleendah @budi_cilok @SusiMulyono @InfoBdgEvent @feryrahmatfauzi http://t.co/SFoNGvDZqw;
@Wenk_schatzi @budi_cilok @InfoBdgEvent @feryrahmatfauzi semoga selalu sehat mas budi...^_^;
#CPCorner2015 is getting closer! Make sure you have already took the creativity challenge #GotTheGuts Info:http://t.co/A2Balv74DH;
@DeviKurniaS18 @InfoBdgEvent  baru buka twitter ??;
"@InfoBdgEvent Ayam Goreng/Bakar Taliwang (khas Lombok) cuma 15k aja. Recommended!
#wawaroengan http://t.co/Y2sXLcaLF3";